GARCÍA,NÚÑEZ,RAMÓN,ebo,"JEAN PIAGET"
GIL,LORENTE,ARANCHA,ebo,"JEAN PIAGET"
CANO,ARRANZ,"LUIS MIGUEL",ebo,"JEAN PIAGET"
MARTÍNEZ,BUSQUETS,LORENA,ebo,"JEAN PIAGET"
JIMÉNEZ,EMBÚN,EVA,ebo,"JEAN PIAGET"
PISO,ALTO,Federico,ebo,"ANGEL RIVIÈRE"
GIL,BLASCO,HUGO,ebo,"ANGEL RIVIÈRE"
CASTRO,MALO,FIDEL,ebo,"ANGEL RIVIÈRE"
ap20,ap20,ap20,ebo,"ANGEL RIVIÈRE"
PÉREZ,MARQUEZ,CAROLINA,ebo,"ANGEL RIVIÈRE"
LARRAZ,ROMEO,ROCÍO,ebo,"ANGEL RIVIÈRE"
nodata,nodata,nodata,ebo,"ANGEL RIVIÈRE"
FUERTES,MARCO,DOLORES,ebo,"ANGEL RIVIÈRE"
SIERRA,DÍEZ,MALENA,ebo,"ANGEL RIVIÈRE"
PICAPIEDRA,MARTÍNEZ,PEDRO,ebo,"ANGEL RIVIÈRE"
ap30,ap30,no30,ebo,"ANGEL RIVIÈRE"
Pérez,Jiménez,Claudia,ebo,"ANGEL RIVIÈRE"
AZNAR,AZNAR,"JOSE MARÍA",ebo,"ANGEL RIVIÈRE"
OCAÑA,LUNA,JULIA,ebo,"ANGEL RIVIÈRE"
RODRIGUEZ,ESPINOSA,PEPELU,ebo,"ANGEL RIVIÈRE"
Gracia,Gallego,José,ebo,"ANGEL RIVIÈRE"
ap10,ap10,no10,ebo,"ANGEL RIVIÈRE"
dsae,nodata,nodata,ebo,"ANGEL RIVIÈRE"
Camayor,Alvarez,Paula,ebo,"ANGEL RIVIÈRE"
pa220,nodata,n220,ebo,"ANGEL RIVIÈRE"
MATEO,NDIAYE,ALVARO,ebo,"ANGEL RIVIÈRE"
LAMBAN,PÉREZ,JAVIER,ebo,"ANGEL RIVIÈRE"
BELTRÁN,GASCA,PELAYO,ebo,"ANGEL RIVIÈRE"
LASIERRA,HOYA,ANA,ebo,"ANGEL RIVIÈRE"
MESSI,GARD,LIONEL,ebo,"ANGEL RIVIÈRE"
ORTEGA,MARTÍNEZ,ALEJANDRO,ebo,"ANGEL RIVIÈRE"
CASA,NOVA,JUAN,ebo,"ANGEL RIVIÈRE"
MARCO,AGUADO,ISABEL,ebo,"ANGEL RIVIÈRE"
asas,nodata,nodata,ebo,"JOSÉ MANUEL BLECUA"
nodata,nodata,nodata,ebo,"JOSÉ MANUEL BLECUA"
asas,nodata,nodata,ebo,"JOSÉ MANUEL BLECUA"
nodata,nodata,nodata,ebo,"JOSÉ MANUEL BLECUA"
pa300,nodata,n300,ebo,"JOSÉ MANUEL BLECUA"
nodata,nodata,nodata,ebo,"JOSÉ MANUEL BLECUA"
nodata,nodata,nodata,ebo,"JOSÉ MANUEL BLECUA"
pa227,nodata,n227,ebo,"JOSÉ MANUEL BLECUA"
pa401,nodata,n401,ebo,"JOSÉ MANUEL BLECUA"
pa300,nodata,n300,ebo,"JOSÉ MANUEL BLECUA"
pa400,nodata,n400,ebo,"JOSÉ MANUEL BLECUA"
pa223,nodata,n223,ebo,"JOSÉ MANUEL BLECUA"
pa224,nodata,n224,ebo,"JOSÉ MANUEL BLECUA"
nodata,nodata,nodata,ebo,"JOSÉ MANUEL BLECUA"
